Date,Open,High,Low,Close,Volume,Market Cap
01-01-2017,0.005734,0.006462,0.005484,0.0057,301,23696
02-01-2017,0.0057,0.008192,0.005699,0.007623,8370,23756
03-01-2017,0.007622,0.007914,0.00612,0.00616,2284,32032
04-01-2017,0.006159,0.006874,0.006042,0.006483,250,26107
05-01-2017,0.00649,0.007021,0.003532,0.004175,540,27740
06-01-2017,0.004179,0.005476,0.003612,0.003798,213,18013
07-01-2017,0.003749,0.008026,0.003335,0.004924,3313,16298
08-01-2017,0.004925,0.00671,0.004869,0.004932,2775,21585
09-01-2017,0.00492,0.005777,0.004287,0.004426,702,21745
10-01-2017,0.004422,0.006277,0.004422,0.005509,820,19701
11-01-2017,0.00551,0.005677,0.004752,0.004947,526,24747
12-01-2017,0.004947,0.005378,0.004686,0.004958,306,22397
13-01-2017,0.004975,0.006624,0.004879,0.006583,577,22707
14-01-2017,0.006592,0.010471,0.006193,0.010471,1581,30319
15-01-2017,0.011491,0.012249,0.004894,0.00549,3414,53274
16-01-2017,0.00535,0.008414,0.00535,0.0069,1273,25000
17-01-2017,0.006902,0.007881,0.006401,0.006551,485,32392
18-01-2017,0.006566,0.007575,0.006137,0.006313,368,30934
19-01-2017,0.006313,0.006931,0.006288,0.006512,240,29857
20-01-2017,0.006509,0.007333,0.006441,0.006534,285,30892
21-01-2017,0.006534,0.007511,0.006534,0.006748,317,31007
22-01-2017,0.006751,0.007639,0.006585,0.006964,167,32036
23-01-2017,0.006963,0.009437,0.006895,0.008294,1404,33044
24-01-2017,0.008196,0.009408,0.006656,0.006704,575,38897
25-01-2017,0.006704,0.008005,0.006679,0.007393,390,31816
26-01-2017,0.0074,0.007973,0.00702,0.007597,446,35925
27-01-2017,0.007598,0.008198,0.007241,0.007404,151,37012
28-01-2017,0.007404,0.00825,0.005684,0.007557,555,36205
29-01-2017,0.007557,0.008253,0.00623,0.007218,486,37086
30-01-2017,0.007218,0.008241,0.00654,0.007578,393,35551
31-01-2017,0.007575,0.00858,0.006593,0.00787,575,37434
01-02-2017,0.00853,0.010861,0.007892,0.010861,588,42298
02-02-2017,0.010859,0.01199,0.008933,0.01199,1257,54045
03-02-2017,0.012138,0.015322,0.010007,0.011834,2001,60626
04-02-2017,0.01185,0.011864,0.008415,0.010429,415,59406
05-02-2017,0.010435,0.012356,0.009483,0.010469,3110,52499
06-02-2017,0.010479,0.010552,0.009533,0.009541,642,52906
07-02-2017,0.009559,0.010798,0.009037,0.009839,1740,48430
08-02-2017,0.009848,0.010919,0.008955,0.010546,379,50067
09-02-2017,0.010562,0.010982,0.008947,0.009039,178,53888
10-02-2017,0.00905,0.012776,0.00897,0.010984,704,46337
11-02-2017,0.010987,0.013491,0.009674,0.013359,436,56448
12-02-2017,0.013347,0.014064,0.011606,0.013299,1262,68814
13-02-2017,0.013295,0.013793,0.01094,0.01374,131,68792
14-02-2017,0.013755,0.01403,0.009085,0.011392,1105,71402
15-02-2017,0.01141,0.011428,0.009148,0.010065,50,59230
16-02-2017,0.010066,0.012468,0.009252,0.01161,313,52253
17-02-2017,0.011595,0.015776,0.009806,0.010598,1470,60189
18-02-2017,0.010629,0.014854,0.010621,0.013096,493,55171
19-02-2017,0.0131,0.017301,0.011749,0.0162,2783,69184
20-02-2017,0.016213,0.016704,0.012673,0.016696,1442,85919
21-02-2017,0.016686,0.017206,0.016485,0.017176,256,88728
22-02-2017,0.017168,0.017226,0.014136,0.014136,1429,91605
23-02-2017,0.014134,0.016574,0.013883,0.015051,234,75674
24-02-2017,0.015128,0.020547,0.012565,0.020539,729,81275
25-02-2017,0.020482,0.026681,0.014554,0.019319,4990,110412
26-02-2017,0.019327,0.024425,0.017889,0.017921,438,104535
27-02-2017,0.017899,0.021847,0.014297,0.014313,465,97136
28-02-2017,0.014322,0.015271,0.011298,0.014089,684,77987
01-03-2017,0.01409,0.019071,0.011334,0.018337,303,76977
02-03-2017,0.01837,0.019249,0.012497,0.018765,639,100701
03-03-2017,0.018761,0.019001,0.008027,0.009843,1275,103183
04-03-2017,0.009862,0.013592,0.008774,0.011861,1408,54421
05-03-2017,0.011853,0.011947,0.009667,0.011822,238,65624
06-03-2017,0.011825,0.012475,0.010167,0.01241,184,65689
07-03-2017,0.012414,0.012415,0.007663,0.008773,1428,69182
08-03-2017,0.008771,0.010473,0.008325,0.009073,335,49038
09-03-2017,0.009076,0.009648,0.007406,0.009603,134,50914
10-03-2017,0.00961,0.009734,0.007751,0.008822,83,54083
11-03-2017,0.008819,0.009149,0.006485,0.009148,341,49793
12-03-2017,0.009154,0.009194,0.006945,0.008305,137,51851
13-03-2017,0.008308,0.009617,0.00746,0.009609,159,47210
14-03-2017,0.009611,0.009693,0.008105,0.00966,37,54786
15-03-2017,0.009661,0.009957,0.008301,0.008372,77,55249
16-03-2017,0.008384,0.009795,0.008187,0.009491,74,48100
17-03-2017,0.009429,0.009478,0.007845,0.00878,137,54247
18-03-2017,0.008776,0.00889,0.007361,0.008277,72,50485
19-03-2017,0.008302,0.011234,0.007973,0.008605,306,47762
20-03-2017,0.008609,0.010346,0.008604,0.008824,60,49528
21-03-2017,0.008833,0.00926,0.008833,0.009244,88,50818
22-03-2017,0.009245,0.009428,0.008621,0.008918,1,53188
23-03-2017,0.008925,0.008951,0.008315,0.008329,24,51347
24-03-2017,0.008328,0.009764,0.005685,0.006685,299,47913
25-03-2017,0.006678,0.007353,0.006286,0.006586,36,38415
26-03-2017,0.006594,0.007428,0.006555,0.00725,7,37935
27-03-2017,0.00729,0.007934,0.00729,0.007749,9,43279
28-03-2017,0.00774,0.008156,0.007594,0.007728,9,46093
29-03-2017,0.00772,0.008013,0.007281,0.007987,14,46112
30-03-2017,0.008004,0.008059,0.007153,0.007185,18,47956
31-03-2017,0.007186,0.008223,0.007186,0.008199,1,43189
01-04-2017,0.008199,0.008351,0.007478,0.00832,28,49422
02-04-2017,0.008321,0.008477,0.007919,0.007936,41,50309
03-04-2017,0.008471,0.008868,0.007564,0.008807,55,51371
04-04-2017,0.008821,0.008883,0.007693,0.008681,2,53653
05-04-2017,0.008688,0.008695,0.007362,0.007401,35,53004
06-04-2017,0.007408,0.008544,0.00691,0.008503,75,45330
07-04-2017,0.008477,0.008477,0.007122,0.007132,16,52026
08-04-2017,0.007106,0.007658,0.006504,0.006773,117,43744
09-04-2017,0.006777,0.008129,0.006772,0.008066,12,41840
10-04-2017,0.008062,0.008082,0.007844,0.007883,1,49921
11-04-2017,0.007885,0.008408,0.006896,0.006965,46,48965
12-04-2017,0.006964,0.007652,0.006942,0.007622,29,43374
13-04-2017,0.007626,0.008299,0.006654,0.006723,49,47619
14-04-2017,0.006729,0.008164,0.006721,0.00725,43,42017
15-04-2017,0.007249,0.008183,0.007234,0.007305,33,45261
16-04-2017,0.007305,0.008258,0.006852,0.006873,50,45614
17-04-2017,0.007857,0.008358,0.007573,0.008345,37,49057
18-04-2017,0.008344,0.008412,0.007833,0.0079,46,52101
19-04-2017,0.007903,0.008452,0.007873,0.007903,32,49346
20-04-2017,0.007908,0.007971,0.006823,0.006834,77,49379
21-04-2017,0.006836,0.007873,0.006746,0.006782,156,42680
22-04-2017,0.006786,0.006857,0.006171,0.006171,29,42371
23-04-2017,0.006172,0.00748,0.003993,0.003996,206,38537
24-04-2017,0.004004,0.007513,0.004004,0.005213,166,25000
25-04-2017,0.005214,0.005853,0.004382,0.004492,51,32558
26-04-2017,0.004494,0.007844,0.004494,0.00784,76,28061
27-04-2017,0.007845,0.007943,0.005212,0.005534,8,48984
28-04-2017,0.005535,0.007809,0.004229,0.004805,443,34557
29-04-2017,0.00481,0.005828,0.004259,0.004309,216,30034
30-04-2017,0.004309,0.005388,0.004287,0.004798,83,26907
01-05-2017,0.0048,0.005762,0.0048,0.005715,18,29970
02-05-2017,0.005713,0.006087,0.005157,0.005971,3,35668
03-05-2017,0.005975,0.007464,0.005222,0.00745,56,37307
04-05-2017,0.007454,0.011072,0.006154,0.008011,392,46539
05-05-2017,0.008028,0.0103,0.007096,0.009566,63,50125
06-05-2017,0.009029,0.009899,0.007206,0.009899,50,56379
07-05-2017,0.009903,0.010858,0.007722,0.00784,1765,61835
08-05-2017,0.007841,0.009979,0.007303,0.007583,58,48957
09-05-2017,0.007585,0.009119,0.007519,0.00753,11,47360
10-05-2017,0.007535,0.007552,0.007042,0.007085,25,47050
11-05-2017,0.007098,0.009169,0.00702,0.007374,23,44317
12-05-2017,0.007382,0.008088,0.005916,0.006049,118,46090
13-05-2017,0.006036,0.007678,0.005751,0.007662,80,37689
14-05-2017,0.007686,0.008432,0.006297,0.006963,125,47992
15-05-2017,0.006967,0.007165,0.005625,0.005642,80,43498
16-05-2017,0.005634,0.006654,0.005568,0.006626,20,35178
17-05-2017,0.006625,0.006942,0.005889,0.005947,7,41363
18-05-2017,0.005944,0.007664,0.005939,0.006163,23,37111
19-05-2017,0.006166,0.007675,0.006166,0.007662,7,38500
20-05-2017,0.007654,0.007924,0.006313,0.00792,29,47787
21-05-2017,0.007917,0.008082,0.005522,0.00746,202,49435
22-05-2017,0.007485,0.008532,0.006508,0.00686,22,46735
23-05-2017,0.00685,0.010141,0.006534,0.010098,99,42768
24-05-2017,0.01011,0.01045,0.007451,0.009734,12,63124
25-05-2017,0.009716,0.010823,0.007691,0.00897,10,60663
26-05-2017,0.008904,0.010315,0.008192,0.008896,35,55595
27-05-2017,0.008926,0.009193,0.007521,0.008143,1,55732
28-05-2017,0.007136,0.008758,0.007136,0.008267,61,44556
29-05-2017,0.00825,0.009271,0.008022,0.009078,10,51510
30-05-2017,0.009089,0.009253,0.007568,0.008661,33,56749
31-05-2017,0.008695,0.008852,0.007357,0.007655,3,54289
01-06-2017,0.007662,0.008188,0.007662,0.008035,24,47837
02-06-2017,0.008039,0.010399,0.007852,0.010399,79,50194
03-06-2017,0.010395,0.010739,0.007658,0.007699,86,64902
04-06-2017,0.007678,0.010588,0.007528,0.010443,41,47942
05-06-2017,0.010445,0.010853,0.010445,0.010848,0,65215
06-06-2017,0.011263,0.011392,0.009028,0.009543,54,70322
07-06-2017,0.009546,0.011851,0.004616,0.007362,1566,59603
08-06-2017,0.007399,0.008275,0.0055,0.00578,931,46201
09-06-2017,0.005771,0.008491,0.005758,0.006538,576,36031
10-06-2017,0.006548,0.008675,0.006372,0.006654,189,40886
11-06-2017,0.00665,0.008878,0.005844,0.008876,280,41521
12-06-2017,0.008864,0.008889,0.005312,0.006096,85,55344
13-06-2017,0.005785,0.005854,0.004746,0.004769,130,36118
14-06-2017,0.004766,0.006384,0.004445,0.004964,41,29758
15-06-2017,0.004964,0.005936,0.004576,0.004904,85,30994
16-06-2017,0.0049,0.005121,0.001973,0.002023,1507,30595
17-06-2017,0.002023,0.007069,0.002023,0.003922,531,12634
18-06-2017,0.003922,0.004297,0.003222,0.003447,120,24488
19-06-2017,0.003447,0.004247,0.002498,0.002848,223,21524
20-06-2017,0.002973,0.004322,0.002973,0.003422,150,18561
21-06-2017,0.003422,0.004247,0.003372,0.003572,26,21368
22-06-2017,0.003572,0.004297,0.003547,0.003722,102,22304
23-06-2017,0.003722,0.004589,0.003243,0.003336,708,23240
24-06-2017,0.003336,0.007675,0.003325,0.004731,666,20830
25-06-2017,0.00472,0.006458,0.004715,0.005543,114,29473
26-06-2017,0.00554,0.006196,0.005005,0.005117,61,34591
27-06-2017,0.005238,0.005476,0.00426,0.00438,202,32702
28-06-2017,0.004409,0.005943,0.00397,0.004369,100,27527
29-06-2017,0.004365,0.005733,0.004321,0.004321,172,27253
30-06-2017,0.00433,0.004487,0.003551,0.003581,129,27035
01-07-2017,0.00358,0.004882,0.003564,0.0039,113,22350
02-07-2017,0.003899,0.004835,0.003866,0.004248,495,24347
03-07-2017,0.004232,0.009317,0.0042,0.008771,3211,26425
04-07-2017,0.008751,0.008751,0.005222,0.005261,355,54640
05-07-2017,0.005258,0.005407,0.00515,0.005301,84,32830
06-07-2017,0.005304,0.00769,0.005241,0.005738,932,33114
07-07-2017,0.005743,0.007692,0.005668,0.005849,1352,35857
08-07-2017,0.005854,0.007102,0.005723,0.005884,317,36551
09-07-2017,0.005889,0.006202,0.005351,0.005351,403,36770
10-07-2017,0.005361,0.005818,0.004205,0.005394,284,33474
11-07-2017,0.005383,0.005449,0.004442,0.005099,43,33609
12-07-2017,0.005074,0.005082,0.004404,0.004697,22,31679
13-07-2017,0.004701,0.004866,0.003979,0.004311,144,29352
14-07-2017,0.004307,0.004816,0.004137,0.004245,103,26895
15-07-2017,0.004238,0.004454,0.003889,0.003962,13,26458
16-07-2017,0.00395,0.004349,0.00351,0.003523,67,24666
17-07-2017,0.003519,0.004267,0.003406,0.003791,196,21972
18-07-2017,0.003801,0.004782,0.003681,0.004161,33,23734
19-07-2017,0.004168,0.004863,0.004075,0.00432,280,26024
20-07-2017,0.004307,0.005579,0.004307,0.005341,116,26895
21-07-2017,0.005381,0.005398,0.005,0.005096,59,33596
22-07-2017,0.005094,0.005587,0.005054,0.005293,54,31809
23-07-2017,0.005293,0.005966,0.004893,0.005838,209,33048
24-07-2017,0.005831,0.007194,0.004998,0.007117,550,36409
25-07-2017,0.007116,0.007165,0.004914,0.005988,1204,44431
26-07-2017,0.005991,0.006072,0.004848,0.00496,22,37407
27-07-2017,0.004974,0.005157,0.004565,0.004828,41,31056
28-07-2017,0.004843,0.005633,0.00333,0.003909,895,30239
29-07-2017,0.003894,0.005029,0.003875,0.004974,31,24313
30-07-2017,0.004973,0.005133,0.003721,0.004709,969,31053
31-07-2017,0.004714,0.004868,0.003771,0.004091,31,29432
01-08-2017,0.004093,0.004389,0.003629,0.00374,21,25557
02-08-2017,0.003739,0.004335,0.003279,0.003374,48,23347
03-08-2017,0.00338,0.003404,0.001365,0.002509,224,21104
04-08-2017,0.002508,0.003374,0.002508,0.002913,84,15661
05-08-2017,0.002912,0.005546,0.002881,0.0041,631,18180
06-08-2017,0.004101,0.005304,0.003913,0.004131,52,25609
07-08-2017,0.004122,0.004748,0.004086,0.004337,8,25736
08-08-2017,0.004341,0.005784,0.002847,0.002908,223,27107
09-08-2017,0.002906,0.005388,0.002852,0.003476,171,18144
10-08-2017,0.003477,0.003954,0.003451,0.003621,25,21708
11-08-2017,0.003621,0.003793,0.00261,0.003032,691,22609
12-08-2017,0.00303,0.004039,0.002998,0.003407,102,18918
13-08-2017,0.003404,0.009971,0.003404,0.008809,2247,21252
14-08-2017,0.008814,0.009086,0.005288,0.00574,1918,55036
15-08-2017,0.005755,0.007004,0.005285,0.005477,211,35933
16-08-2017,0.005483,0.006282,0.005326,0.005974,74,34234
17-08-2017,0.005969,0.006404,0.00558,0.006311,146,37268
18-08-2017,0.006291,0.006474,0.00413,0.006004,453,39282
19-08-2017,0.005998,0.006109,0.003332,0.004789,365,37453
20-08-2017,0.004767,0.004802,0.004293,0.004317,35,29765
21-08-2017,0.0043,0.004679,0.004207,0.004271,30,26850
22-08-2017,0.004281,0.004625,0.003666,0.003726,81,26730
23-08-2017,0.003718,0.003914,0.003706,0.003893,3,23217
24-08-2017,0.003894,0.00511,0.00389,0.005073,18,24316
25-08-2017,0.005065,0.005444,0.00494,0.005317,27,31623
26-08-2017,0.005327,0.005341,0.005209,0.005302,12,33260
27-08-2017,0.005301,0.00537,0.004931,0.004957,213,33099
28-08-2017,0.004951,0.005056,0.004785,0.005039,7,30915
29-08-2017,0.005047,0.006184,0.005002,0.006164,147,31514
30-08-2017,0.006156,0.006232,0.005211,0.005918,6,38437
31-08-2017,0.005908,0.005973,0.003881,0.003885,486,36886
01-09-2017,0.003885,0.00615,0.003857,0.006147,1,24259
02-09-2017,0.006155,0.006227,0.005706,0.005852,2,38430
03-09-2017,0.005856,0.005984,0.004694,0.004802,4,36564
04-09-2017,0.004804,0.005457,0.004473,0.005269,26,29994
05-09-2017,0.005296,0.005512,0.00499,0.005342,15,33071
06-09-2017,0.005348,0.005835,0.005346,0.005596,113,33393
07-09-2017,0.005585,0.008085,0.005445,0.008061,317,34872
08-09-2017,0.008063,0.008127,0.005057,0.005271,40,50343
09-09-2017,0.005281,0.006867,0.00455,0.004646,315,32975
10-09-2017,0.004634,0.006794,0.004331,0.006727,0,28937
11-09-2017,0.006715,0.006914,0.004731,0.004757,12,41929
12-09-2017,0.004761,0.006018,0.004595,0.004668,24,29729
13-09-2017,0.004651,0.00535,0.004293,0.005234,48,29038
14-09-2017,0.005234,0.006111,0.003635,0.005377,141,32681
15-09-2017,0.005419,0.006345,0.004674,0.004983,164,33832
16-09-2017,0.00497,0.005469,0.004765,0.005427,5,31035
17-09-2017,0.005423,0.005813,0.005279,0.005369,17,33861
18-09-2017,0.005358,0.005723,0.005353,0.005567,16,33454
19-09-2017,0.00558,0.00561,0.005257,0.00546,15,34842
20-09-2017,0.005487,0.005497,0.005328,0.005341,11,34263
21-09-2017,0.005315,0.006171,0.004857,0.004894,7,33185
22-09-2017,0.004888,0.005273,0.004884,0.005245,37,30521
23-09-2017,0.005231,0.005608,0.00503,0.005607,3,32659
24-09-2017,0.005607,0.005607,0.004876,0.004926,3,35009
25-09-2017,0.004921,0.004946,0.004919,0.004943,3,30726
26-09-2017,0.005439,0.005574,0.004204,0.005381,667,33958
27-09-2017,0.005366,0.005872,0.005366,0.005848,18,33506
28-09-2017,0.005848,0.005941,0.005753,0.005794,12,36517
30-09-2017,0.005307,0.005404,0.005278,0.005385,8,33134
01-10-2017,0.005388,0.00611,0.005316,0.00611,2,33639
02-10-2017,0.006108,0.006155,0.005984,0.006032,0,38136
03-10-2017,0.006032,0.006066,0.005734,0.005818,0,37662
04-10-2017,0.005832,0.005868,0.005247,0.005694,24,36412
05-10-2017,0.005699,0.006023,0.005392,0.005405,13,35583
06-10-2017,0.005405,0.005929,0.005394,0.005859,48,33745
07-10-2017,0.005861,0.005984,0.005432,0.00597,26,36595
08-10-2017,0.005954,0.006181,0.005934,0.006166,5,37179
09-10-2017,0.006168,0.006252,0.005841,0.006079,15,38510
10-10-2017,0.006078,0.006173,0.005911,0.005954,31,37953
11-10-2017,0.005953,0.006427,0.005906,0.006413,181,37172
12-10-2017,0.006419,0.006975,0.006402,0.00678,80,40079
13-10-2017,0.006801,0.007346,0.006757,0.007068,220,42464
14-10-2017,0.00707,0.00714,0.006518,0.006775,41,44141
15-10-2017,0.006787,0.006809,0.006328,0.006602,19,42380
16-10-2017,0.006603,0.006682,0.005434,0.005605,436,41226
17-10-2017,0.005606,0.005622,0.00512,0.005152,107,35001
18-10-2017,0.005153,0.005153,0.004724,0.005082,5,32173
19-10-2017,0.005084,0.005453,0.005038,0.005418,5,31746
20-10-2017,0.005419,0.005805,0.005339,0.005717,1,33838
21-10-2017,0.005705,0.005842,0.005371,0.005471,19,35620
22-10-2017,0.005472,0.005559,0.00523,0.00551,2,34169
23-10-2017,0.005501,0.005582,0.003976,0.004703,190,34347
24-10-2017,0.004692,0.004692,0.004388,0.004413,22,29299
25-10-2017,0.004415,0.004596,0.004305,0.004588,0,27564
26-10-2017,0.004588,0.004847,0.00458,0.004767,64,28644
27-10-2017,0.004768,0.005259,0.004619,0.00523,1,29773
28-10-2017,0.005245,0.005342,0.005163,0.005218,1,32747
29-10-2017,0.005382,0.00588,0.004949,0.004954,53,33602
30-10-2017,0.004926,0.004937,0.004069,0.00412,377,30754
31-10-2017,0.004106,0.004708,0.004104,0.004708,6,25635
01-11-2017,0.004704,0.004848,0.004593,0.004839,1,29372
02-11-2017,0.004845,0.005264,0.004845,0.004993,88,30249
03-11-2017,0.004987,0.005674,0.004931,0.005461,124,31135
04-11-2017,0.005447,0.006302,0.004602,0.006208,98,34009
05-11-2017,0.006197,0.006698,0.005259,0.006492,24,38690
06-11-2017,0.006506,0.007165,0.005927,0.00697,316,40623
07-11-2017,0.006959,0.007214,0.006959,0.007139,8,43451
08-11-2017,0.007116,0.007556,0.006238,0.00755,71,44432
09-11-2017,0.007542,0.007542,0.006092,0.006113,103,47092
10-11-2017,0.006131,0.006308,0.004819,0.005873,52,38280
11-11-2017,0.005852,0.006061,0.005666,0.005793,10,36537
12-11-2017,0.005789,0.005856,0.005039,0.005511,2,36144
13-11-2017,0.005519,0.006255,0.005476,0.006061,1,34457
14-11-2017,0.006074,0.006251,0.00484,0.004955,18,37923
15-11-2017,0.004959,0.006518,0.00467,0.005085,44,30961
16-11-2017,0.005112,0.006952,0.004998,0.0055,14,31919
17-11-2017,0.005491,0.007108,0.005297,0.006868,1,34287
18-11-2017,0.006841,0.006945,0.005512,0.005617,7,42715
19-11-2017,0.005607,0.007382,0.005541,0.007323,11,35007
20-11-2017,0.007319,0.007788,0.006249,0.007746,92,45702
21-11-2017,0.007747,0.007868,0.007328,0.007609,17,48371
21-11-2017,2.91,3.49,2.82,3.39,387482,
22-11-2017,0.007627,0.008412,0.007595,0.007816,117,47623
22-11-2017,3.4,4.09,2.14,2.71,311923,
23-11-2017,0.007814,0.007852,0.007535,0.007646,14,48789
23-11-2017,2.71,3.28,0.652161,1.73,456547,
24-11-2017,0.007635,0.008372,0.00749,0.008309,12,47673
24-11-2017,1.73,2.01,1.47,1.5,98292,
25-11-2017,0.00197,0.001974,0.001804,0.001924,161,170554
25-11-2017,0.008292,0.008729,0.00748,0.008049,731,51774
25-11-2017,1.49,1.63,0.845761,1.05,94057,
26-11-2017,0.001923,0.002122,0.001801,0.001848,429,166530
26-11-2017,0.008047,0.008754,0.008038,0.008664,6,50242
26-11-2017,1.05,1.46,0.884004,1.31,86880,
27-11-2017,0.001849,0.002047,0.001849,0.002043,388,160212
27-11-2017,0.008665,0.009048,0.008568,0.008757,217,54106
27-11-2017,1.31,1.66,1.26,1.65,27713,
28-11-2017,0.002049,0.002281,0.001864,0.001988,1362,177608
28-11-2017,0.00878,0.008982,0.006928,0.006956,284,54820
28-11-2017,1.66,1.75,1.36,1.4,22294,
29-11-2017,0.001986,0.002462,0.001706,0.001742,1383,172232
29-11-2017,0.00695,0.007834,0.002614,0.003194,817,43392
29-11-2017,1.4,2.93,1.06,2.08,115180,
30-11-2017,0.001769,0.003194,0.001731,0.002207,3201,153471
30-11-2017,0.003243,0.004663,0.00297,0.00462,4,20252
30-11-2017,2.11,2.82,1.25,2.01,282965,
01-12-2017,0.002196,0.003429,0.002113,0.00261,2408,190535
01-12-2017,0.004597,0.00515,0.004352,0.00512,4,28702
01-12-2017,2,2.28,1.47,2.12,84992,
02-12-2017,0.002607,0.002978,0.002145,0.002839,1024,226444
02-12-2017,0.005116,0.005302,0.004559,0.005242,9,31941
02-12-2017,2.12,2.15,1.35,1.91,286083,
03-12-2017,0.002842,0.003589,0.002823,0.003585,875,246841
03-12-2017,0.005247,0.005672,0.004976,0.005266,4,32763
03-12-2017,1.91,2.92,1.63,2.2,188888,
04-12-2017,0.003597,0.003994,0.00294,0.003374,960,312429
04-12-2017,0.005284,0.005447,0.005018,0.005235,1,32990
04-12-2017,2.2,2.5,1.38,1.75,273658,
05-12-2017,0.00338,0.004128,0.003047,0.003049,2319,294065
05-12-2017,0.005245,0.005475,0.004296,0.004339,56,32751
05-12-2017,1.75,1.92,1.74,1.88,23626,
06-12-2017,0.003042,0.004936,0.003042,0.003577,4751,264777
06-12-2017,0.004329,0.006614,0.004329,0.005641,39,27031
06-12-2017,1.87,2,1.74,1.93,19363,
07-12-2017,0.003571,0.005806,0.003526,0.005194,14724,310900
07-12-2017,0.005632,0.007481,0.005632,0.006753,185,35164
07-12-2017,1.93,2.21,1.27,1.39,39199,
08-12-2017,0.005206,0.006322,0.004224,0.005698,3456,453313
08-12-2017,0.006769,0.00687,0.005492,0.006349,2,42262
08-12-2017,1.4,2.22,1.22,1.66,30306,749283
09-12-2017,0.005692,0.006065,0.003603,0.004008,5554,495913
09-12-2017,0.006343,0.006437,0.005282,0.005614,1,39604
09-12-2017,1.66,2.14,1.54,1.67,17462,890562
10-12-2017,0.004024,0.004503,0.003537,0.004296,149,350759
10-12-2017,0.005312,0.010171,0.005312,0.009983,206,33167
10-12-2017,1.68,1.9,1.44,1.83,26018,899222
11-12-2017,0.004265,0.006274,0.004246,0.00537,5129,371887
11-12-2017,0.009911,0.011028,0.009867,0.010573,2,61880
11-12-2017,1.81,1.95,1.55,1.6,25888,972912
12-12-2017,0.005388,0.006316,0.004138,0.006041,3203,470015
12-12-2017,0.010607,0.010876,0.007223,0.00725,54,66229
12-12-2017,1.61,1.83,1.58,1.7,18138,862423
13-12-2017,0.006046,0.007469,0.005269,0.006571,6733,527697
13-12-2017,0.007256,0.008164,0.006374,0.006571,97,45305
13-12-2017,1.7,2.12,1.58,1.73,47127,909944
14-12-2017,0.006713,0.011102,0.006496,0.010766,12893,586201
14-12-2017,0.00655,0.009725,0.006476,0.009606,2,40898
14-12-2017,1.73,1.96,1.71,1.79,5731,925921
15-12-2017,0.010782,0.012652,0.008481,0.010573,8250,941759
15-12-2017,0.009621,0.010729,0.009619,0.010573,125,60071
15-12-2017,1.79,2.64,1.72,1.85,54326,959428
16-12-2017,0.010588,0.011826,0.007534,0.009153,4548,925397
16-12-2017,0.010588,0.011777,0.008414,0.011685,45,66111
16-12-2017,1.85,2.06,1.79,1.99,15512,993739
17-12-2017,0.009154,0.012612,0.006444,0.006475,3286,800451
17-12-2017,0.011686,0.012207,0.011454,0.011826,60,72966
17-12-2017,1.99,2.13,1.89,1.91,9922,1065310
18-12-2017,0.006684,0.0127,0.006386,0.008864,3732,584796
18-12-2017,0.011862,0.011862,0.008689,0.008985,8,74063
18-12-2017,1.92,2.02,1.83,1.9,24478,1028110
19-12-2017,0.008871,0.011613,0.005568,0.005996,2702,776515
19-12-2017,0.008993,0.011262,0.007242,0.007584,983,56149
19-12-2017,1.9,1.95,1.64,1.76,8950,1018100
20-12-2017,0.00599,0.00892,0.005369,0.005754,3183,524609
20-12-2017,0.007576,0.010885,0.006897,0.010851,212,47304
20-12-2017,1.76,1.76,1.32,1.37,12911,944910
21-12-2017,0.005769,0.009715,0.005737,0.006675,6293,505515
21-12-2017,0.010879,0.011475,0.006665,0.010491,262,67926
21-12-2017,1.38,1.71,1.31,1.49,19673,738681
22-12-2017,0.006698,0.006764,0.005316,0.005599,281,587070
22-12-2017,0.010528,0.010631,0.007669,0.009289,45,65734
22-12-2017,1.49,2.76,1.02,1.51,111434,800570
23-12-2017,0.005652,0.006848,0.005609,0.005634,550,495403
23-12-2017,0.009377,0.010647,0.009245,0.010265,49,58548
23-12-2017,1.52,2.29,1.5,1.73,11379,815136
24-12-2017,0.005697,0.005697,0.00421,0.004645,473,499316
24-12-2017,0.009034,0.010395,0.008797,0.009899,241,56404
24-12-2017,1.75,2.12,1.3,1.67,32548,940419
25-12-2017,0.004694,0.005299,0.004053,0.005269,48,411402
25-12-2017,0.010002,0.010293,0.009419,0.009783,23,62449
25-12-2017,1.69,1.96,1.59,1.87,8864,906594
26-12-2017,0.005422,0.006617,0.005141,0.006014,633,475280
26-12-2017,0.010784,0.011298,0.010318,0.010445,14,67331
26-12-2017,1.87,2.55,1.62,2.07,32355,1003970
27-12-2017,0.006018,0.006458,0.0053,0.005597,97,527501
27-12-2017,0.010452,0.010929,0.009716,0.009952,6,65263
27-12-2017,2.07,2.52,1.8,2.21,27721,1108580
28-12-2017,0.005586,0.006077,0.004665,0.004725,909,489606
28-12-2017,0.012153,0.01267,0.007076,0.007303,61,75881
28-12-2017,2.2,2.21,1.7,1.86,13403,1181550
29-12-2017,0.004774,0.005474,0.004716,0.005377,181,418481
29-12-2017,0.007378,0.012481,0.007205,0.012353,10,46070
29-12-2017,1.88,2.26,1.86,1.92,27462,1008760
30-12-2017,0.005363,0.005365,0.004382,0.004756,482,470122
30-12-2017,0.012321,0.012325,0.007669,0.008098,149,76933
30-12-2017,1.92,2.11,1.54,1.77,10681,1027680
31-12-2017,0.004704,0.005672,0.004658,0.005432,368,412351
31-12-2017,0.00801,0.011394,0.007931,0.011142,1,50014
31-12-2017,1.75,2,1.6,1.77,17617,937598
01-01-2018,0.005453,0.00555,0.004726,0.004726,1153,477947
01-01-2018,0.011185,0.011264,0.010587,0.011072,111,69838
01-01-2018,1.78,2,1.68,1.82,16297,953561
02-01-2018,0.004725,0.005452,0.004432,0.004913,809,414204
02-01-2018,0.011071,0.011422,0.006139,0.007742,368,69127
02-01-2018,1.82,2.23,1.56,1.79,305848,977527
03-01-2018,0.004896,0.005566,0.004695,0.004841,619,429131
03-01-2018,0.007715,0.00804,0.006765,0.006959,74,48169
03-01-2018,1.79,2.1,1.78,1.83,25427,958049
04-01-2018,0.004867,0.005104,0.003287,0.00425,3069,426646
04-01-2018,0.006997,0.013205,0.006884,0.01275,343,43688
04-01-2018,1.84,1.98,1.68,1.75,30910,988548
05-01-2018,0.004251,0.005699,0.004181,0.005261,2030,372589
05-01-2018,0.012752,0.015077,0.012544,0.014425,467,79623
05-01-2018,1.75,2.11,1.67,1.87,29541,936308
06-01-2018,0.005265,0.005762,0.004,0.005337,4695,461496
06-01-2018,0.014436,0.016226,0.013908,0.016182,250,90139
06-01-2018,1.87,2.08,1.68,1.73,14789,1002230
07-01-2018,0.005333,0.009306,0.004412,0.00848,11037,467435
07-01-2018,0.01617,0.016516,0.014936,0.016308,536,100965
07-01-2018,1.73,2.06,1.63,1.65,25131,927848
08-01-2018,0.008468,0.008769,0.00584,0.006644,4209,742261
08-01-2018,0.016285,0.016346,0.014243,0.015403,14,101681
08-01-2018,1.65,1.84,1.46,1.66,18869,883073
09-01-2018,0.006626,0.007854,0.004773,0.005397,919,580819
09-01-2018,0.015361,0.015828,0.013244,0.015315,111,95912
09-01-2018,1.66,1.69,1.47,1.59,20098,888443
10-01-2018,0.005404,0.008099,0.005365,0.008099,1478,473646
10-01-2018,0.015335,0.016198,0.014521,0.016198,51,95747
10-01-2018,1.59,1.6,1.38,1.57,16604,855075
11-01-2018,0.00809,0.00812,0.004934,0.00496,2006,709116
11-01-2018,0.01618,0.016239,0.013756,0.014747,27,101026
11-01-2018,1.57,1.59,1.38,1.41,12221,842042
12-01-2018,0.004993,0.006264,0.004846,0.00585,2163,437670
12-01-2018,0.014845,0.016087,0.014408,0.015741,75,92688
12-01-2018,1.42,1.62,1.39,1.5,12593,759513
13-01-2018,0.005844,0.0065,0.005429,0.006458,677,512224
13-01-2018,0.015723,0.016945,0.015723,0.016648,79,98169
13-01-2018,1.5,1.66,1.46,1.52,16913,802174
14-01-2018,0.006462,0.011389,0.006279,0.010342,33731,566451
14-01-2018,0.016659,0.017122,0.015788,0.016547,93,104014
14-01-2018,1.52,1.63,1.38,1.53,23611,813398
15-01-2018,0.010541,0.0113,0.0064,0.008598,2757,923918
15-01-2018,0.016427,0.018687,0.016339,0.018152,326,102567
15-01-2018,1.52,1.59,1.39,1.4,8650,814846
16-01-2018,0.008609,0.008609,0.006113,0.007462,1325,754608
16-01-2018,0.018175,0.018175,0.012561,0.015613,147,113479
16-01-2018,1.4,1.48,1.12,1.26,7837,750830
17-01-2018,0.007424,0.007614,0.005135,0.005437,1986,650770
17-01-2018,0.015534,0.015931,0.011169,0.01154,37,96992
17-01-2018,1.26,1.55,0.866688,1.23,58724,673838
18-01-2018,0.005458,0.006701,0.004922,0.006382,2876,478427
18-01-2018,0.011028,0.013534,0.010593,0.011397,13,68856
18-01-2018,1.24,1.74,1.13,1.61,42725,663119
19-01-2018,0.006315,0.010467,0.005851,0.007813,13047,553532
19-01-2018,0.011277,0.016823,0.011198,0.016431,325,70411
19-01-2018,1.59,1.72,1.24,1.61,28918,852027
20-01-2018,0.007898,0.008862,0.007268,0.008678,411,692290
20-01-2018,0.016609,0.018186,0.014343,0.017739,6,103705
20-01-2018,1.63,1.79,1.63,1.78,32040,960604
21-01-2018,0.008698,0.008698,0.007192,0.007787,1437,762424
21-01-2018,0.01778,0.01778,0.012777,0.013055,16,111016
21-01-2018,1.39,1.65,1.31,1.34,4971,821568
22-01-2018,0.007893,0.008105,0.007695,0.008031,1482,691883
22-01-2018,0.013233,0.013587,0.0129,0.013464,17,82625
22-01-2018,1.36,1.55,1.36,1.5,4078,802662
23-01-2018,0.005044,0.005654,0.004772,0.004772,1405,442101
23-01-2018,0.01289,0.01308,0.012473,0.012473,5,80481
23-01-2018,1.49,1.51,1.19,1.27,8822,881425
24-01-2018,0.00477,0.006185,0.004666,0.006063,703,418062
24-01-2018,0.012466,0.013057,0.012115,0.012799,9,77834
24-01-2018,1.27,1.37,1.23,1.35,11342,749095
25-01-2018,0.006162,0.006966,0.00345,0.003469,2758,540155
25-01-2018,0.01301,0.016332,0.012814,0.016114,110,81230
25-01-2018,1.37,1.4,1.28,1.31,6524,808991
26-01-2018,0.00346,0.005522,0.003455,0.004453,2141,303254
26-01-2018,0.016071,0.01673,0.01202,0.016032,113,100344
26-01-2018,1.31,1.49,1.24,1.31,3832,772632
27-01-2018,0.004784,0.005334,0.004462,0.005225,281,419336
27-01-2018,0.016021,0.016203,0.011338,0.0117,98,100032
27-01-2018,1.31,1.47,1.28,1.33,4386,770955
28-01-2018,0.005252,0.006163,0.0036,0.005573,2558,460345
28-01-2018,0.01176,0.016384,0.01176,0.015907,41,73426
28-01-2018,1.34,1.51,1.34,1.36,5489,791357
29-01-2018,0.005568,0.005704,0.003409,0.004031,683,488046
29-01-2018,0.015892,0.016098,0.011768,0.01198,60,99226
29-01-2018,1.36,1.45,1.18,1.43,17892,804498
30-01-2018,0.004032,0.004542,0.003639,0.0037,223,353409
30-01-2018,0.011984,0.02468,0.010505,0.016002,3767,74825
30-01-2018,1.43,1.45,1.1,1.1,5104,846089
31-01-2018,0.003706,0.004927,0.003565,0.004566,143,324861
31-01-2018,0.016027,0.022643,0.011951,0.01938,1624,100069
31-01-2018,1.1,1.23,1.06,1.12,6326,650163
01-02-2018,0.004577,0.004596,0.002938,0.003094,275,401161
01-02-2018,0.019425,0.019509,0.013097,0.016198,783,121290
01-02-2018,1.12,1.12,0.895718,0.944465,6051,660643
02-02-2018,0.003088,0.003095,0.002622,0.003003,302,270646
02-02-2018,0.016165,0.016165,0.008602,0.009009,318,100932
02-02-2018,0.942514,1.05,0.656875,1.04,6108,556791
03-02-2018,0.003013,0.003511,0.002788,0.003049,72,264127
03-02-2018,0.00904,0.012242,0.008365,0.011919,27,56444
03-02-2018,1.04,1.17,0.826778,1.14,3336,616237
04-02-2018,0.003051,0.003322,0.002695,0.00282,13,267396
04-02-2018,0.011925,0.012545,0.007054,0.012357,367,74459
04-02-2018,1.14,1.16,0.872239,0.91281,2965,676140
05-02-2018,0.002792,0.00285,0.0022,0.002287,30,244752
05-02-2018,0.012237,0.01249,0.009865,0.010259,182,76404
05-02-2018,0.903958,0.955025,0.636922,0.660793,4846,534014
06-02-2018,0.00229,0.002406,0.001959,0.002338,31,200752
06-02-2018,0.010272,0.010791,0.008788,0.010484,186,64135
06-02-2018,0.661628,0.954705,0.538857,0.945979,7316,390858
07-02-2018,0.936514,0.944663,0.691319,0.786961,4654,553246
08-02-2018,0.002856,0.002874,0.002742,0.002798,332,250342
08-02-2018,0.783814,0.946743,0.762663,0.905676,2921,463039
09-02-2018,0.002807,0.002829,0.002203,0.002257,459,246015
09-02-2018,0.007566,0.008284,0.007285,0.007467,77,47243
09-02-2018,0.908461,0.919167,0.817038,0.872856,202,536674
10-02-2018,0.002259,0.002821,0.002248,0.002396,17,198018
10-02-2018,0.007472,0.008374,0.007374,0.008129,10,46657
10-02-2018,0.873492,0.986741,0.833489,0.938708,1682,516017
11-02-2018,0.002394,0.003052,0.0022,0.002497,249,209835
11-02-2018,0.008122,0.008122,0.006757,0.007572,112,50714
11-02-2018,0.937905,0.937905,0.800348,0.805582,1923,554068
12-02-2018,0.002513,0.003057,0.002513,0.002753,69,220269
12-02-2018,0.00762,0.008303,0.007255,0.007549,137,47578
12-02-2018,0.810716,1.03,0.802011,1.02,4907,478931
13-02-2018,0.002758,0.003496,0.002605,0.003414,628,241768
13-02-2018,0.007563,0.008446,0.007133,0.007255,80,47222
13-02-2018,1.02,1.02,0.789037,0.793952,714,601582
14-02-2018,0.003404,0.004642,0.003323,0.003693,1275,298365
14-02-2018,0.007233,0.007966,0.007233,0.007901,4,45164
14-02-2018,0.791584,0.992754,0.791584,0.990261,2941,467629
15-02-2018,0.003695,0.004248,0.003653,0.003851,76,323899
15-02-2018,0.008514,0.008623,0.00842,0.008614,38,53161
15-02-2018,0.990798,1.05,0.915147,1.04,2094,585315
16-02-2018,0.003834,0.004193,0.002716,0.00418,733,336094
16-02-2018,0.008577,0.008732,0.008286,0.008666,85,53553
16-02-2018,1.04,1.06,0.937668,0.978801,84,613918
17-02-2018,0.004179,0.004293,0.002807,0.004092,211,366331
17-02-2018,0.008664,0.010791,0.008553,0.010728,2,54100
17-02-2018,0.978576,1.16,0.965984,1.15,40,578095
18-02-2018,0.004105,0.004175,0.002747,0.003548,751,359781
18-02-2018,0.010761,0.010944,0.009906,0.010123,3,67188
18-02-2018,1.16,1.18,0.837059,0.839025,2859,684186
19-02-2018,0.003532,0.003859,0.002665,0.00346,1061,309574
19-02-2018,0.010076,0.01092,0.010045,0.010826,20,62913
19-02-2018,0.835169,1.09,0.832592,0.898471,2809,493377
20-02-2018,0.003463,0.00356,0.002519,0.002695,480,303556
20-02-2018,0.010836,0.011277,0.010836,0.011153,1,67660
20-02-2018,0.899287,1.16,0.300997,1.11,6984,531255
21-02-2018,0.002692,0.002697,0.00226,0.002305,176,235958
21-02-2018,0.01195,0.01195,0.008715,0.008801,303,74613
21-02-2018,1.11,1.11,0.635045,1,2058,655526
22-02-2018,0.002303,0.002836,0.002276,0.002365,105,201832
22-02-2018,0.008792,0.009162,0.008287,0.008376,61,54895
22-02-2018,1,1.03,0.699671,0.720365,1357,591867
23-02-2018,0.002363,0.002892,0.002304,0.002641,455,207104
23-02-2018,0.008368,0.010218,0.008162,0.01016,62,52249
23-02-2018,0.719692,1.03,0.701929,0.729736,6569,425159
24-02-2018,0.002638,0.002743,0.002505,0.002719,116,231240
24-02-2018,0.010147,0.010498,0.008269,0.008545,96,63354
24-02-2018,0.728813,0.945902,0.689405,0.694666,1575,430547
25-02-2018,0.002715,0.002762,0.002388,0.002394,82,237968
25-02-2018,0.008533,0.010458,0.008394,0.01034,130,53276
25-02-2018,0.693613,0.781307,0.532918,0.583561,3999,409753
26-02-2018,0.002397,0.002791,0.002389,0.002673,74,210072
26-02-2018,0.010353,0.011039,0.009974,0.010899,41,64645
26-02-2018,0.584309,0.83306,0.582441,0.822452,1812,345181
27-02-2018,0.002681,0.002798,0.002631,0.002669,36,235000
27-02-2018,0.01093,0.011374,0.008842,0.009609,27,68247
27-02-2018,0.824829,0.865173,0.686694,0.753269,1158,487269
28-02-2018,0.002666,0.002869,0.002442,0.002474,195,233692
28-02-2018,0.009598,0.011053,0.009065,0.009073,40,59928
28-02-2018,0.752382,0.833384,0.647643,0.64822,1451,444470
01-03-2018,0.002478,0.002811,0.002469,0.002514,186,217204
01-03-2018,0.009086,0.012874,0.009015,0.01279,129,56731
01-03-2018,0.649175,0.887088,0.643761,0.876534,2838,383500
02-03-2018,0.002508,0.002565,0.002485,0.002503,179,219820
02-03-2018,0.012757,0.013045,0.010956,0.012578,107,79654
02-03-2018,0.874281,0.894029,0.687874,0.700698,4108,516482
03-03-2018,0.002712,0.00274,0.002483,0.002521,284,237688
03-03-2018,0.012562,0.012965,0.011426,0.011689,40,78436
03-03-2018,0.699841,0.894821,0.699841,0.892244,1407,413432
04-03-2018,0.002517,0.002519,0.00222,0.002416,359,220602
04-03-2018,0.011669,0.013232,0.01132,0.013232,2,72857
04-03-2018,0.890704,0.893076,0.716905,0.893076,2866,526184
05-03-2018,0.002414,0.002451,0.002398,0.002444,4,211638
05-03-2018,0.013222,0.01354,0.013132,0.013383,4,82558
05-03-2018,0.892423,0.942984,0.812336,0.818359,6843,527200
06-03-2018,0.002749,0.002755,0.002227,0.002254,4,240960
06-03-2018,0.013346,0.013346,0.011177,0.012343,52,83331
06-03-2018,0.816097,0.833813,0.698065,0.803977,936,482110
07-03-2018,0.002251,0.002285,0.001983,0.00208,8,197305
07-03-2018,0.012327,0.012512,0.010862,0.011093,1,76966
07-03-2018,0.802934,0.843705,0.709758,0.725117,74,474334
08-03-2018,0.002077,0.002354,0.001903,0.001964,29,182057
08-03-2018,0.011077,0.011304,0.01015,0.010755,9,69166
08-03-2018,0.724089,0.735149,0.630879,0.671145,32,427756
09-03-2018,0.001952,0.002047,0.001762,0.002036,49,171065
09-03-2018,0.010687,0.010814,0.008691,0.009256,209,66731
09-03-2018,0.666895,0.672119,0.545325,0.601619,367,393969
10-03-2018,0.002037,0.002237,0.00192,0.001937,6,178560
10-03-2018,0.00926,0.010233,0.007417,0.007485,856,57816
10-03-2018,0.601878,0.672766,0.600972,0.623879,630,355560
11-03-2018,0.001931,0.002432,0.001865,0.002394,169,169219
11-03-2018,0.008688,0.009871,0.008069,0.008521,57,54243
11-03-2018,0.621728,0.669565,0.545015,0.659109,2412,367286
12-03-2018,0.002386,0.002572,0.002291,0.002377,24,209148
12-03-2018,0.008494,0.009448,0.007402,0.00905,228,53038
12-03-2018,0.657032,0.678912,0.439105,0.447921,1862,388143
13-03-2018,0.002363,0.002465,0.002218,0.002378,3,207131
13-03-2018,0.008998,0.010489,0.008883,0.010337,35,56181
13-03-2018,0.445349,0.728452,0.430478,0.721691,2762,263090
14-03-2018,0.002379,0.002433,0.002065,0.002135,3,208511
14-03-2018,0.010339,0.01083,0.009461,0.009853,201,64553
14-03-2018,0.72179,0.732224,0.441684,0.594377,812,426398
15-03-2018,0.002134,0.002147,0.001998,0.002066,10,187038
15-03-2018,0.009848,0.010792,0.009234,0.010662,37,61492
15-03-2018,0.59411,0.597842,0.383978,0.438059,592,350971
16-03-2018,0.002065,0.002231,0.001988,0.002155,56,181017
16-03-2018,0.010656,0.012097,0.009261,0.01152,110,66535
16-03-2018,0.437812,0.559912,0.280933,0.545334,2471,258638
17-03-2018,0.002158,0.002163,0.001947,0.001976,67,189188
17-03-2018,0.011539,0.015806,0.009335,0.012886,706,72048
17-03-2018,0.458238,0.625345,0.449097,0.482253,5323,270705
18-03-2018,0.001972,0.002105,0.001755,0.001974,106,172820
18-03-2018,0.012855,0.014523,0.006556,0.008389,1286,80265
18-03-2018,0.48108,0.717104,0.336463,0.476307,8336,284199
19-03-2018,0.001966,0.002257,0.001966,0.002217,6,172297
19-03-2018,0.008354,0.016463,0.008303,0.009381,1127,52162
19-03-2018,0.4743,0.491218,0.344649,0.491218,3676,280193
20-03-2018,0.002242,0.002343,0.002087,0.002311,30,196522
20-03-2018,0.009486,0.017025,0.009299,0.011821,1200,59226
20-03-2018,0.496698,0.496698,0.338171,0.346997,1425,293425
21-03-2018,0.002315,0.002457,0.001933,0.001961,226,202928
21-03-2018,0.011843,0.015999,0.010779,0.013724,480,73944
21-03-2018,0.347625,0.495431,0.347625,0.481608,851,205360
22-03-2018,0.001957,0.002186,0.001912,0.002175,14,171538
22-03-2018,0.013699,0.014862,0.011796,0.014793,151,85535
22-03-2018,0.48073,0.49127,0.367381,0.375124,19,283992
23-03-2018,0.002175,0.002175,0.001913,0.00202,16,190674
23-03-2018,0.014792,0.014792,0.011295,0.011507,250,92361
23-03-2018,0.375114,0.375114,0.332863,0.351359,713,221599
24-03-2018,0.00205,0.002327,0.001978,0.001983,59,179665
24-03-2018,0.011675,0.01313,0.011553,0.011553,32,72894
24-03-2018,0.356475,0.363959,0.34486,0.34487,732,210588
25-03-2018,0.001956,0.001996,0.001927,0.001943,11,171424
25-03-2018,0.011394,0.012589,0.009417,0.00946,179,71143
25-03-2018,0.340123,0.347098,0.335049,0.336688,620,200928
26-03-2018,0.001941,0.002057,0.001926,0.002045,2,170150
26-03-2018,0.009453,0.009504,0.008794,0.009163,16,59021
26-03-2018,0.33754,0.339766,0.314166,0.32734,583,199402
27-03-2018,0.002042,0.002049,0.00194,0.001947,1,179011
27-03-2018,0.009149,0.010241,0.009148,0.009736,4,57127
27-03-2018,0.326844,0.327892,0.304689,0.305079,2801,193084
28-03-2018,0.001947,0.002025,0.001936,0.001983,16,170634
28-03-2018,0.009656,0.010123,0.009602,0.009915,3,60288
28-03-2018,0.305009,0.336915,0.303315,0.324338,173,180184
29-03-2018,0.001985,0.001989,0.001724,0.001846,5,174018
29-03-2018,0.009927,0.009943,0.007722,0.007954,3,61980
29-03-2018,0.324717,0.32525,0.270279,0.278305,251,191827
30-03-2018,0.001842,0.001872,0.001717,0.001777,20,161438
30-03-2018,0.007934,0.009345,0.007396,0.009229,7,49538
30-03-2018,0.277613,0.282164,0.258601,0.267292,1401,164000
31-03-2018,0.001778,0.001871,0.001772,0.001802,35,155818
31-03-2018,0.00923,0.011375,0.007805,0.009009,944,57632
31-03-2018,0.267333,0.281406,0.266551,0.27027,301,157927
01-04-2018,0.001802,0.001854,0.001556,0.001562,74,157928
01-04-2018,0.009009,0.009287,0.007513,0.007539,37,56249
01-04-2018,0.270262,0.274061,0.226528,0.238594,286,159657
02-04-2018,0.00157,0.001763,0.001514,0.001761,235,137597
02-04-2018,0.007576,0.009334,0.005142,0.006481,1785,47303
02-04-2018,0.239768,0.249363,0.207393,0.211395,2,141643
03-04-2018,0.001762,0.001948,0.001757,0.00193,13,154470
03-04-2018,0.006485,0.007504,0.006464,0.006754,81,40493
03-04-2018,0.211546,0.223403,0.210864,0.221349,2,124971
04-04-2018,0.001928,0.001928,0.001547,0.001561,32,169018
04-04-2018,0.006749,0.007094,0.006458,0.006517,78,42139
04-04-2018,0.298537,0.314067,0.273699,0.308829,258,176361
05-04-2018,0.001562,0.001572,0.001493,0.001498,364,136924
05-04-2018,0.00652,0.006561,0.006313,0.006484,77,40711
05-04-2018,0.308958,0.315915,0.214905,0.219249,804,182517
06-04-2018,0.001491,0.001591,0.001378,0.001587,2,130673
06-04-2018,0.006142,0.006297,0.006068,0.006283,67,38352
06-04-2018,0.218131,0.290552,0.176944,0.266521,65,128861
07-04-2018,0.001589,0.00169,0.001587,0.001656,2,139291
07-04-2018,0.00629,0.006688,0.006281,0.006553,12,39275
07-04-2018,0.26684,0.278097,0.186376,0.187144,2,157636
08-04-2018,0.001657,0.001703,0.001657,0.001683,37,145244
08-04-2018,0.006559,0.008515,0.006559,0.008417,250,40954
08-04-2018,0.187313,0.283421,0.157712,0.280132,718,110656
09-04-2018,0.001686,0.001788,0.001588,0.001621,28,147787
09-04-2018,0.00843,0.008604,0.007942,0.008106,188,52637
09-04-2018,0.280586,0.285633,0.147254,0.150297,197,165756
10-04-2018,0.001623,0.001628,0.001464,0.001501,164,142217
10-04-2018,0.008112,0.008138,0.006876,0.006961,8,50653
10-04-2018,0.150419,0.21929,0.148039,0.217971,117,88860
11-04-2018,0.001503,0.001741,0.001499,0.001741,23,131726
11-04-2018,0.006968,0.007102,0.006948,0.007102,8,43505
11-04-2018,0.218181,0.220236,0.217556,0.218985,8,128891
12-04-2018,0.001737,0.001828,0.001555,0.001819,71,152218
12-04-2018,0.007085,0.00946,0.006898,0.008383,13,44240
12-04-2018,0.162088,0.177591,0.162088,0.176514,535,95754
13-04-2018,0.001821,0.002055,0.001805,0.001967,26,159635
13-04-2018,0.008393,0.008915,0.00824,0.008654,4,52407
13-04-2018,0.176737,0.183428,0.156463,0.157339,439,104407
14-04-2018,0.001967,0.002043,0.00196,0.001998,7,172391
14-04-2018,0.008654,0.008989,0.008624,0.008792,1,54032
14-04-2018,0.157339,0.163439,0.088069,0.100548,632,92948
15-04-2018,0.002,0.002176,0.002,0.002171,25,175333
15-04-2018,0.008801,0.009208,0.008801,0.009133,1,54954
15-04-2018,0.100656,0.108534,0.100656,0.108534,52,59462
16-04-2018,0.00217,0.002182,0.00199,0.002011,5,190187
16-04-2018,0.108489,0.109099,0.081713,0.083029,285,64090
17-04-2018,0.002012,0.002036,0.001966,0.001972,14,176391
17-04-2018,0.008019,0.008217,0.007942,0.007968,21,50068
17-04-2018,0.083071,0.169504,0.082843,0.164876,157,49074
18-04-2018,0.001974,0.002032,0.001916,0.001958,5,173029
18-04-2018,0.007975,0.008456,0.00796,0.008403,4,49795
18-04-2018,0.165028,0.167475,0.092052,0.166429,126,97491
19-04-2018,0.001959,0.002315,0.001951,0.002314,66,171751
19-04-2018,0.008409,0.008487,0.008313,0.008429,2,52506
19-04-2018,0.166552,0.168101,0.163293,0.166011,31,98391
20-04-2018,0.002233,0.002258,0.002072,0.00221,56,195692
20-04-2018,0.008434,0.009099,0.0084,0.009016,2,52662
20-04-2018,0.16612,0.168004,0.109605,0.165022,1599,98136
21-04-2018,0.00221,0.002243,0.002165,0.002232,7,193755
21-04-2018,0.009019,0.009196,0.008748,0.009196,19,56312
21-04-2018,0.165078,0.165078,0.11857,0.125264,1038,97520
22-04-2018,0.002232,0.002245,0.002188,0.0022,4,195648
22-04-2018,0.009196,0.009341,0.008928,0.008975,45,57419
22-04-2018,0.125264,0.139206,0.123539,0.131984,314,74000
23-04-2018,0.002195,0.002236,0.002125,0.002229,12,192424
23-04-2018,0.008957,0.009121,0.008834,0.008917,405,55925
23-04-2018,0.131718,0.180316,0.1256,0.126864,2155,77812
24-04-2018,0.002231,0.002371,0.00223,0.002343,11,195575
24-04-2018,0.008925,0.010057,0.008921,0.010057,8,55726
24-04-2018,0.126972,0.164522,0.126915,0.141974,2011,75009
25-04-2018,0.002328,0.002339,0.002107,0.00211,10,204015
25-04-2018,0.009989,0.010037,0.009041,0.009054,3,62370
25-04-2018,0.141009,0.141009,0.102992,0.118667,1222,83302
26-04-2018,0.002127,0.002148,0.002075,0.002134,10,186448
26-04-2018,0.009129,0.009305,0.008844,0.009284,112,56999
26-04-2018,0.11965,0.122583,0.101944,0.110575,616,70684
27-04-2018,0.009297,0.009469,0.009036,0.009036,3,58050
27-04-2018,0.110729,0.127212,0.106461,0.106461,238,65413
28-04-2018,0.009005,0.009521,0.008982,0.009458,4,56224
28-04-2018,0.106096,0.121752,0.105824,0.111815,43,62676
29-04-2018,0.002277,0.002447,0.002208,0.002445,7,199583
29-04-2018,0.009582,0.009584,0.009199,0.009405,112,59830
29-04-2018,0.111772,0.130624,0.110017,0.127715,801,66029
30-04-2018,0.002444,0.002454,0.002379,0.002401,12,214259
30-04-2018,0.009402,0.009439,0.006771,0.007109,62,58702
30-04-2018,0.112348,0.12281,0.108969,0.109685,1224,66370
01-05-2018,0.002403,0.002403,0.00204,0.002092,15,210596
01-05-2018,0.007115,0.007336,0.006738,0.006914,35,44428
01-05-2018,0.109781,0.118452,0.104706,0.108103,1168,64853
02-05-2018,0.002089,0.002129,0.002067,0.00212,8,183121
02-05-2018,0.006903,0.008173,0.00683,0.007744,3,43103
02-05-2018,0.10794,0.150415,0.107927,0.123648,254,80634
03-05-2018,0.00212,0.00245,0.002113,0.002438,41,185861
03-05-2018,0.007744,0.009504,0.007716,0.009459,237,48353
03-05-2018,0.123652,0.150941,0.109345,0.119698,1837,92371
04-05-2018,0.002437,0.002631,0.002213,0.002618,89,213603
04-05-2018,0.009455,0.009455,0.007612,0.007661,9,59037
04-05-2018,0.119651,0.127582,0.114675,0.119798,1306,89382
05-05-2018,0.002617,0.002665,0.002234,0.002554,175,229389
05-05-2018,0.007657,0.00814,0.007363,0.007367,25,47810
05-05-2018,0.119621,0.147678,0.119433,0.140615,925,89360
06-05-2018,0.002555,0.002579,0.002456,0.002498,10,223993
06-05-2018,0.007371,0.007885,0.007083,0.007878,10,46027
06-05-2018,0.14071,0.149903,0.129493,0.135825,1618,105114
07-05-2018,0.0025,0.002501,0.002394,0.002424,10,219094
07-05-2018,0.007883,0.007887,0.003994,0.004019,1189,49222
07-05-2018,0.135923,0.135993,0.11286,0.125082,240,101538
08-05-2018,0.004028,0.004065,0.003901,0.003964,15,25149
08-05-2018,0.125348,0.125713,0.107339,0.111008,322,242795
09-05-2018,0.002025,0.002045,0.00194,0.001956,17,177512
09-05-2018,0.110839,0.143298,0.110003,0.141835,699,214849
10-05-2018,0.001956,0.001972,0.001948,0.001963,1,171441
10-05-2018,0.00437,0.004373,0.004329,0.004333,3,27287
10-05-2018,0.141795,0.148805,0.114243,0.117953,1050,275150
11-05-2018,0.004338,0.004338,0.004015,0.004055,3,27087
11-05-2018,0.118094,0.141402,0.10981,0.127457,520,229345
12-05-2018,0.001903,0.001986,0.001751,0.001779,50,166833
12-05-2018,0.004183,0.004275,0.004183,0.004235,174,26116
12-05-2018,0.127082,0.176492,0.119315,0.12313,1594,247027
13-05-2018,0.001778,0.001839,0.001757,0.001825,2,155867
13-05-2018,0.004234,0.005338,0.004184,0.005302,19,26436
13-05-2018,0.123088,0.172002,0.121777,0.127335,168,239416
14-05-2018,0.001825,0.00186,0.001749,0.001825,33,159963
14-05-2018,0.005301,0.005312,0.003672,0.00391,116,33099
14-05-2018,0.127312,0.173353,0.122191,0.173353,187,247722
15-05-2018,0.001822,0.001852,0.001779,0.001785,6,159672
15-05-2018,0.003904,0.00494,0.003812,0.004925,5,24373
15-05-2018,0.173056,0.174611,0.138556,0.143084,123,336851
16-05-2018,0.001726,0.001755,0.001726,0.001752,55,151323
16-05-2018,0.004922,0.006268,0.004324,0.006007,117,30732
16-05-2018,0.143001,0.154853,0.121736,0.154687,230,278351
17-05-2018,0.001753,0.001773,0.001714,0.001718,2,153669
17-05-2018,0.006011,0.006044,0.005262,0.005327,13,37531
17-05-2018,0.154782,0.155645,0.113264,0.113917,701,301280
18-05-2018,0.001979,0.002063,0.001973,0.00206,10,173491
18-05-2018,0.005332,0.005942,0.005253,0.005521,19,33289
18-05-2018,0.114017,0.134757,0.112328,0.134306,160,221933
19-05-2018,0.00206,0.002092,0.002044,0.002061,2,180542
19-05-2018,0.00552,0.005606,0.005477,0.00552,6,34467
19-05-2018,0.134286,0.140969,0.117542,0.122669,517,261386
20-05-2018,0.005524,0.005604,0.005489,0.005585,5,34494
20-05-2018,0.122761,0.127797,0.121963,0.126815,69,238952
21-05-2018,0.001693,0.001703,0.001344,0.001345,635,148418
21-05-2018,0.005953,0.005972,0.005614,0.005634,3,37167
21-05-2018,0.126973,0.146308,0.12001,0.14447,5705,247152
22-05-2018,0.001345,0.001735,0.001275,0.001362,127,117913
22-05-2018,0.005633,0.00782,0.005547,0.006409,181,35172
22-05-2018,0.144444,0.158614,0.116197,0.118263,526,281158
23-05-2018,0.001281,0.001451,0.001257,0.001432,36,112244
23-05-2018,0.006403,0.006421,0.005977,0.006031,1,39978
23-05-2018,0.11814,0.119214,0.102989,0.103852,262,229958
24-05-2018,0.001429,0.001467,0.001239,0.001434,22,125231
24-05-2018,0.006016,0.006105,0.006016,0.006069,1,37561
24-05-2018,0.10359,0.111612,0.10359,0.105982,134,201636
25-05-2018,0.001437,0.001454,0.001399,0.001406,3,125951
25-05-2018,0.106181,0.107432,0.100106,0.101697,118,206680
26-05-2018,0.001268,0.001296,0.00124,0.001246,12,111134
26-05-2018,0.004985,0.005457,0.004985,0.005279,86,31127
26-05-2018,0.101564,0.558615,0.075933,0.527204,1135,197693
27-05-2018,0.001247,0.001254,0.00123,0.001248,2,109300
27-05-2018,0.005281,0.005386,0.005061,0.005067,5,32975
27-05-2018,0.483364,0.483364,0.12516,0.125956,662,940862
28-05-2018,0.001249,0.001249,0.001248,0.001249,2,109454
28-05-2018,0.005068,0.005537,0.004756,0.004771,6,31646
28-05-2018,0.126431,0.126926,0.09733,0.097627,211,246096
29-05-2018,0.001358,0.001358,0.00121,0.001268,53,119057
29-05-2018,0.004769,0.006753,0.004743,0.006714,12,29779
29-05-2018,0.097595,0.101948,0.082738,0.083027,590,189967
30-05-2018,0.001269,0.001284,0.001267,0.001271,53,111230
30-05-2018,0.006718,0.006795,0.006575,0.006601,10,41947
30-05-2018,0.083082,0.118589,0.056165,0.082957,263,161719
31-05-2018,0.0014,0.001401,0.001253,0.001273,2,122739
31-05-2018,0.00537,0.005373,0.005283,0.005315,2,33526
31-05-2018,0.082941,0.12324,0.082536,0.121377,52,161444
01-06-2018,0.001274,0.00144,0.001271,0.001429,1,111633
01-06-2018,0.005319,0.006681,0.005309,0.006617,1,33211
01-06-2018,0.071372,0.102548,0.071372,0.100614,47,138924
02-06-2018,0.001428,0.001457,0.00142,0.001451,1,125182
02-06-2018,0.006615,0.00662,0.006578,0.006612,1,41301
02-06-2018,0.10057,0.100657,0.059969,0.089404,63,195759
